name,price,realiry
Тисяча пам’ятних поцілунків | Тіллі Коул,240,В наявності
Брама Європи.  Історія України від скіфських воєн до незалежності | Сергій Плохій  ,350,В наявності
Поцілунок у Нью-Йорку | Кетрін Райдер,180,В наявності
Емі і таємний клуб супердівчат. Сніговий патруль | Мєлех Агнєшка,140,В наявності
Емоційні гойдалки війни. Роздуми психотерапевта про війну | Станчишин Володимир,275,В наявності
Мистецтво й душа Дюни | Таня Лапойнт,1 200,В наявності
Неофіційна кулінарна книга Гаррі Поттера | Діна Бухольц,600,В наявності
Ґерда. Книга 1: Історія одного китеняти | Адріан Махо,145,В наявності
Правила інвестування Воррена Баффета | Джеремі Міллер,420,В наявності
Кров і попіл: Королівство плоті й вогню | Дженніфер Л. Арментраут,310,В наявності
"Will. Вілл | Вілл Сміт, Марк Менсон",400,В наявності
"Пиши, скорочуй | Максим Ільяхов, Людмила Саричева",200,В наявності
Діти лісу. Таємниця Голлі. Книга 3 | Катя Брандіс,186,В наявності
Тигролови | Іван Багряний,195,В наявності
Діти повітряних тривог | Лариса Денисенко,260,В наявності
Коротка історія фотографії | Сміт Іан Гейдн,420,В наявності
Велика Ілюстрована Книга казок 2 том | Упорядник: Іван Малкович,428,В наявності
Основи швидкочитання | Василь Федієнко ,570,В наявності
Codex Seraphinianus | Луїджи Серафіні,4 600,В наявності
Дублінська трилогія. Книга 1: Людина з одним із тих облич | Кейм МакДоннелл,270,В наявності
Физика. Основы электродинамики. Том 3 | Павел Виктор,280,В наявності
МСФЗ: Короткий курс для практиків | ,750,В наявності
Секрети японських візерунків. 260 схем для плетіння спицями | Хітомі Шіда,600,В наявності
"Їсти, молитися, кохати | Гілберт Елізабет",280,В наявності
Джельсоміно в Країні Брехунів | Джанні Родарі,300,В наявності
Як я дорослішаю. Посібник для дівчат | Аніта Найк,310,В наявності
Нудота | Жан-Поль Сартр,200,В наявності
Поливагальная теория | Стивен Порджес ,850,В наявності
"Маленькая книга плохого настроения. Напиши, что тебя бесит — и жить станет легче! | Лотта Соннінен  ",136,В наявності
Бути собою.10 гаджетів для щастя | Олена Тараріна,215,В наявності
Фізика. Основи і механічний рух | Павло Віктор ,240,В наявності
Стус. Палімпсести | Василь Стус,353,В наявності
Сходинки до знань. Оповідання для дітей | ,90,В наявності
Збагнути Росію. Свідчення очевидців | Олександр Палій,321,В наявності
Мальована історія Незалежності України | Брати Капранови,280,В наявності
Дитяча енциклопедія динозаврів та інших викопних тварин | Гібберт Клер,360,В наявності
Триста поезій | Ліна Костенко,375,В наявності
Поливагальная теория в психотерапии | Деб Дана,580,В наявності
"Will. Вілл | Вілл Сміт, Марк Менсон",400,В наявності
Ловець повітряних зміїв | Госсейні Халед,320,В наявності
36 і 6 котів | Вдовиченко Галина,300,В наявності
Велика Ілюстрована Книга казок 2 том | Упорядник: Іван Малкович,428,В наявності
"Пиши, скорочуй | Максим Ільяхов, Людмила Саричева",200,В наявності
Коротка історія фотографії | Сміт Іан Гейдн,420,В наявності
Діти повітряних тривог | Лариса Денисенко,260,В наявності
Секрети японських візерунків. 260 схем для плетіння спицями | Хітомі Шіда,600,В наявності
Чарівний сад. Розмальовка | Джоанна Басфорд,300,В наявності
Правила інвестування Воррена Баффета | Джеремі Міллер,420,В наявності
Емі і таємний клуб супердівчат. Сніговий патруль | Мєлех Агнєшка,140,В наявності
Ґерда. Книга 1: Історія одного китеняти | Адріан Махо,145,В наявності
Емоційні гойдалки війни. Роздуми психотерапевта про війну | Станчишин Володимир,275,В наявності
Брама Європи.  Історія України від скіфських воєн до незалежності | Сергій Плохій  ,350,В наявності
Тигролови | Іван Багряний,195,В наявності
"Їсти, молитися, кохати | Гілберт Елізабет",280,В наявності
Мистецтво й душа Дюни | Таня Лапойнт,1 200,В наявності
Дублінська трилогія. Книга 1: Людина з одним із тих облич | Кейм МакДоннелл,270,В наявності
Кров і попіл: Королівство плоті й вогню | Дженніфер Л. Арментраут,310,В наявності
"Працюючи навпаки. Інсайти та секрети від топ-менеджерів Amazon | Колін Брайар, Білл Карр",304,В наявності
Три женщины | Таддео Ліза  ,163,В наявності
Діти лісу. Таємниця Голлі. Книга 3 | Катя Брандіс,186,В наявності
Поцілунок у Нью-Йорку | Кетрін Райдер,180,В наявності
Эшелон на Самарканд | Ґузель Яхіна  ,245,В наявності
Физика. Молекулярное строение вещества и тепловые явления. Том 2 | Павло Віктор ,240,В наявності
Думай как Илон Маск. И другие простые стратегии для гигантского скачка в работе и жизни | Озан Варол,202,В наявності
Ми проти вас | Фредерік Бакман,390,В наявності
Метро 2033 | Дмитро Ґлуховський,449,В наявності
Хроніки поцуплених роверів | Ву Мін'ї,290,В наявності
Пурпурні вітрила | Олександр Ґрін,70,В наявності
Історія України від діда Свирида. Книга перша | Дід Свирид,370,В наявності
One Life: живи на полную. Дневник путешественника | Артемій Сурін,266,В наявності
Неофіційна кулінарна книга Гаррі Поттера | Діна Бухольц,600,В наявності
Тисяча пам’ятних поцілунків | Тіллі Коул,240,В наявності
Вся правда о сексе | Наталія Касаріна ,183,В наявності
Чтобы в 16 было не поздно | Марина Ланге,300,В наявності
Чарлі і шоколадна фабрика | Роальд Дал,278,В наявності
No Filter. История Instagram | Сара Фрайєр  ,170,В наявності
"Head First. Патерни проєктування | Ерiк Фрiмен, Елiзабет Робсон",890,В наявності
Мій дід танцював краще за всіх | Катерина Бабкіна,260,В наявності
Медицина доказова і не дуже | Андрій Сем’янків,275,В наявності
Фізика. Основи і механічний рух | Павло Віктор,280,В наявності
Джуді Муді. Книга 1 | Меган МакДоналд,140,В наявності
"Книга-мандрівка. Україна | Ірина Тараненко, Юлія Курова, Марія Воробйова, Марта Лешак",650,В наявності
Записки українського самашедшого | Ліна Костенко,342,В наявності
Дихання. Давнє мистецтво оздоровлення | Джеймс Нестор,330,В наявності
"Выгорание. Новый подход к избавлению от стресса. Покетбук | Емілі Нагоскі, Амелія Нагоскі ",148,В наявності
"Вірус у короні, бактерія в капсулі, або Експедиція до мікросвіту | Марта Марущак",250,В наявності
Дівчина з Нідерландів. Одрі Гепберн і Друга світова війна | Роберт Матзен,333,В наявності
39-поверховий будинок на дереві | Енді Ґріффітс,350,В наявності
"Поколение ""сэндвич"". Простить родителей, понять детей и научиться заботиться о себе | Світлана Комісарук",191,В наявності
Як я дорослішаю. Посібник для хлопців | Філ Вілкінсон,310,В наявності
PYTHON для дітей. Веселий вступ до програмування | Бріґґс Джейсон Р.,380,В наявності
Кінчай! Твоє право на задоволення | Лорі Мінц,400,В наявності
Велика книга казок | ,330,В наявності
Загадка 622 номера | Діккер Жоель,400,В наявності
Глазами жертвы | Майк Омер,176,В наявності
Интимный ликбез с родителями и без | Ярмоленко Юлия,250,В наявності
Історія України від діда Свирида. Книга третя | дід Свирид,420,В наявності
Книга про довголіття | Камерон Діаз,252,В наявності
451 градус за Фаренгейтом | Рей Бредбері ,139,В наявності
Дівчина онлайн | Зої Заґґ,300,В наявності
